name	taxid	lineage	N	host
Adeno-associated virus - 2	10804	ssDNA viruses; Parvoviridae; Parvovirinae; Dependoparvovirus; Adeno-associated dependoparvovirus A	2	Homo sapiens; Mammalia
Adeno-associated virus - 3	46350	ssDNA viruses; Parvoviridae; Parvovirinae; Dependoparvovirus; Adeno-associated dependoparvovirus A	1	Homo sapiens
Adeno-associated virus - 4	57579	ssDNA viruses; Parvoviridae; Parvovirinae; Dependoparvovirus; Adeno-associated dependoparvovirus A	3	Chlorocebus sabaeus; Homo sapiens; Macaca mulatta
Adeno-associated virus - 5	82300	ssDNA viruses; Parvoviridae; Parvovirinae; Dependoparvovirus; Adeno-associated dependoparvovirus B	1	Homo sapiens
Adult diarrheal rotavirus strain J19	335103	dsRNA viruses; Reoviridae; Sedoreovirinae; Rotavirus; Rotavirus H	1	Homo sapiens
African green monkey simian foamy virus	338079	Retro-transcribing viruses; Retroviridae; Spumaretrovirinae; Spumavirus	2	Chlorocebus aethiops; Homo sapiens
Aichi virus 1	1313215	ssRNA viruses; ssRNA positive-strand viruses, no DNA stage; Picornavirales; Picornaviridae; Kobuvirus; Aichivirus A	1	Homo sapiens
Alkhumra hemorrhagic fever virus	172148	ssRNA viruses; ssRNA positive-strand viruses, no DNA stage; Flaviviridae; Flavivirus; tick-borne encephalitis virus group; Kyasanur forest disease virus	1	Homo sapiens
Alphapapillomavirus 3	333767	dsDNA viruses, no RNA stage; Papillomaviridae; Alphapapillomavirus	1	Homo sapiens
Alphapapillomavirus 4	337043	dsDNA viruses, no RNA stage; Papillomaviridae; Alphapapillomavirus	1	Homo sapiens
Alphapapillomavirus 7	337042	dsDNA viruses, no RNA stage; Papillomaviridae; Alphapapillomavirus	1	Homo sapiens
Astrovirus MLB1	568715	ssRNA viruses; ssRNA positive-strand viruses, no DNA stage; Astroviridae; unclassified Astroviridae	1	Homo sapiens
Astrovirus MLB1 HK05	858367	ssRNA viruses; ssRNA positive-strand viruses, no DNA stage; Astroviridae; unclassified Astroviridae; Astrovirus MLB1	1	Homo sapiens
Astrovirus MLB2	683172	ssRNA viruses; ssRNA positive-strand viruses, no DNA stage; Astroviridae; unclassified Astroviridae	1	Homo sapiens
Astrovirus MLB3	1247114	ssRNA viruses; ssRNA positive-strand viruses, no DNA stage; Astroviridae; unclassified Astroviridae	1	Homo sapiens
Astrovirus SG	767521	ssRNA viruses; ssRNA positive-strand viruses, no DNA stage; Astroviridae; unclassified Astroviridae	1	Homo sapiens
Astrovirus VA1	645687	ssRNA viruses; ssRNA positive-strand viruses, no DNA stage; Astroviridae; unclassified Astroviridae	1	Homo sapiens
Astrovirus VA2	683173	ssRNA viruses; ssRNA positive-strand viruses, no DNA stage; Astroviridae; unclassified Astroviridae	1	Homo sapiens
Astrovirus VA3	683174	ssRNA viruses; ssRNA positive-strand viruses, no DNA stage; Astroviridae; unclassified Astroviridae	1	Homo sapiens
Astrovirus VA4	1247113	ssRNA viruses; ssRNA positive-strand viruses, no DNA stage; Astroviridae; unclassified Astroviridae	1	Homo sapiens
Australian bat lyssavirus	90961	ssRNA viruses; ssRNA negative-strand viruses; Mononegavirales; Rhabdoviridae; Lyssavirus	6	Homo sapiens; Pteropus alecto; Pteropus conspicillatus; Pteropus poliocephalus; Pteropus scapulatus; Saccolaimus
Avian paramyxovirus 7	622416	ssRNA viruses; ssRNA negative-strand viruses; Mononegavirales; Paramyxoviridae; Paramyxovirinae; Avulavirus	5	; Chlorocebus aethiops; Cricetinae; Homo sapiens; Meleagris gallopavo
BK polyomavirus	10629	dsDNA viruses, no RNA stage; Polyomaviridae; Polyomavirus	1	Homo sapiens
Banna virus strain JKT-6423	649604	dsRNA viruses; Reoviridae; Sedoreovirinae; Seadornavirus; Banna virus	5	Bos taurus; Culex annulus; Culex tritaeniorhynchus; Homo sapiens; Sus scrofa
Barmah Forest virus	11020	ssRNA viruses; ssRNA positive-strand viruses, no DNA stage; Togaviridae; Alphavirus	6	Anopheles amictus; Chlorocebus aethiops; Culex annulirostris; Homo sapiens; Macropus; Mus
Beilong virus	341053	ssRNA viruses; ssRNA negative-strand viruses; Mononegavirales; Paramyxoviridae; Paramyxovirinae; unclassified Paramyxovirinae	2	Homo sapiens; Rattus
Bufavirus-3	1391667	ssDNA viruses; Parvoviridae; Parvovirinae; unclassified Parvovirinae	1	Homo sapiens
Bundibugyo virus	565995	ssRNA viruses; ssRNA negative-strand viruses; Mononegavirales; Filoviridae; Ebolavirus	1	Homo sapiens
Bunyamwera virus	35304	ssRNA viruses; ssRNA negative-strand viruses; Bunyaviridae; Orthobunyavirus	2	Aedes aegypti; Homo sapiens
Candiru virus	629725	ssRNA viruses; ssRNA negative-strand viruses; Bunyaviridae; Phlebovirus	1	Homo sapiens
Cercopithecine herpesvirus 2	10317	dsDNA viruses, no RNA stage; Herpesvirales; Herpesviridae; Alphaherpesvirinae; Simplexvirus	2	Chlorocebus aethiops; Homo sapiens
Cercopithecine herpesvirus 5	50292	dsDNA viruses, no RNA stage; Herpesvirales; Herpesviridae; Betaherpesvirinae; Cytomegalovirus	3	Chlorocebus aethiops; Homo sapiens; Macaca
Chandipura virus	11272	ssRNA viruses; ssRNA negative-strand viruses; Mononegavirales; Rhabdoviridae; Vesiculovirus	2	Homo sapiens; Phlebotominae
Chapare mammarenavirus	499556	ssRNA viruses; ssRNA negative-strand viruses; Arenaviridae; Mammarenavirus	1	Homo sapiens
Chikungunya virus	37124	ssRNA viruses; ssRNA positive-strand viruses, no DNA stage; Togaviridae; Alphavirus; SFV complex	10	Aedes aegypti; Aedes albopictus; Aedes furcifer; Aedes polynesiensis; Cercopithecus; Homo sapiens; Macaca; Pan troglodytes; Papio; Presbytis
Circo-like virus-Brazil hs1	1346815	ssDNA viruses; unclassified ssDNA viruses; Circo-like virus-Brazil	1	Homo sapiens
Colorado tick fever virus	46839	dsRNA viruses; Reoviridae; Spinareovirinae; Coltivirus	6	Callospermophilus lateralis; Dermacentor andersoni; Erethizon dorsatum; Homo sapiens; Neotoma cinerea; Peromyscus maniculatus
Cosavirus A	1330491	ssRNA viruses; ssRNA positive-strand viruses, no DNA stage; Picornavirales; Picornaviridae; Cosavirus	1	Homo sapiens
Cosavirus JMY-2014	1582094	ssRNA viruses; ssRNA positive-strand viruses, no DNA stage; Picornavirales; Picornaviridae; Cosavirus; unclassified Cosavirus	1	Homo sapiens
Cowpox virus	10243	dsDNA viruses, no RNA stage; Poxviridae; Chordopoxvirinae; Orthopoxvirus	31	Acinonyx jubatus; Ailurus fulgens; Apodemus sylvaticus; Bos taurus; Callithrix jacchus; Canis lupus familiaris; Castor fiber; Ceratotherium simum simum; Diceros bicornis; Elephas maximus; Equus caballus; Felis catus; Felis silvestris; Homo sapiens; Leopardus pardalis; Loxodonta africana; Meriones libycus; Microtus agrestis; Mungos mungo; Mus musculus; Myodes glareolus; Okapia johnstoni; Panthera leo; Panthera onca; Panthera pardus; Puma concolor; Puma yagouaroundi; Rattus norvegicus; Rhombomys opimus; Sorex araneus; Tapirus indicus
Crimean-Congo hemorrhagic fever virus	11593	ssRNA viruses; ssRNA negative-strand viruses; Bunyaviridae; Nairovirus	7	Bos taurus; Capra hircus; Homo sapiens; Hyalomma; Hyalomma excavatum; Ovis aries; Rhipicephalus microplus
Cyclovirus VN	1348500	ssDNA viruses; Circoviridae; unclassified Circoviridae; suggested genus Cyclovirus	1	Homo sapiens
Dengue virus 1	11053	ssRNA viruses; ssRNA positive-strand viruses, no DNA stage; Flaviviridae; Flavivirus; Dengue virus group; Dengue virus	3	Aedes aegypti; Aedes albopictus; Homo sapiens
Dengue virus 2	11060	ssRNA viruses; ssRNA positive-strand viruses, no DNA stage; Flaviviridae; Flavivirus; Dengue virus group; Dengue virus	5	Aedes aegypti; Aedes furcifer; Aedes taylori; Erythrocebus patas; Homo sapiens
Dengue virus 3	11069	ssRNA viruses; ssRNA positive-strand viruses, no DNA stage; Flaviviridae; Flavivirus; Dengue virus group; Dengue virus	5	Aedimorphus; Diceromyia; Erythrocebus patas; Homo sapiens; Stegomyia
Dengue virus 4	11070	ssRNA viruses; ssRNA positive-strand viruses, no DNA stage; Flaviviridae; Flavivirus; Dengue virus group; Dengue virus	4	Aedes aegypti; Aedes albopictus; Aedes polynesiensis; Homo sapiens
Dugbe virus	11595	ssRNA viruses; ssRNA negative-strand viruses; Bunyaviridae; Nairovirus	8	Amblyomma variegatum; Homo sapiens; Hyalomma marginatum rufipes; Hyalomma truncatum; Rhipicephalus; Rhipicephalus annulatus; Rhipicephalus decoloratus; Rhipicephalus geigyi
Duvenhage virus	38767	ssRNA viruses; ssRNA negative-strand viruses; Mononegavirales; Rhabdoviridae; Lyssavirus	2	Homo sapiens; Mammalia
Eastern equine encephalitis virus	11021	ssRNA viruses; ssRNA positive-strand viruses, no DNA stage; Togaviridae; Alphavirus; EEEV complex	6	Aedes; Culiseta melanura; Equus caballus; Homo sapiens; Ochlerotatus canadensis; Passeriformes
Encephalomyocarditis virus	12104	ssRNA viruses; ssRNA positive-strand viruses, no DNA stage; Picornavirales; Picornaviridae; Cardiovirus	4	Homo sapiens; Mus musculus; Sigmodon hispidus; Sus scrofa
Enterovirus A	138948	ssRNA viruses; ssRNA positive-strand viruses, no DNA stage; Picornavirales; Picornaviridae; Enterovirus	1	Homo sapiens
Enterovirus B	138949	ssRNA viruses; ssRNA positive-strand viruses, no DNA stage; Picornavirales; Picornaviridae; Enterovirus	1	Homo sapiens
Enterovirus C	138950	ssRNA viruses; ssRNA positive-strand viruses, no DNA stage; Picornavirales; Picornaviridae; Enterovirus	1	Homo sapiens
Enterovirus D	138951	ssRNA viruses; ssRNA positive-strand viruses, no DNA stage; Picornavirales; Picornaviridae; Enterovirus	1	Homo sapiens
Enterovirus H	310907	ssRNA viruses; ssRNA positive-strand viruses, no DNA stage; Picornavirales; Picornaviridae; Enterovirus	2	Homo sapiens; Saguinus mystax
European bat lyssavirus 1	57482	ssRNA viruses; ssRNA negative-strand viruses; Mononegavirales; Rhabdoviridae; Lyssavirus	3	Eptesicus serotinus; Homo sapiens; Mammalia
European bat lyssavirus 2	57483	ssRNA viruses; ssRNA negative-strand viruses; Mononegavirales; Rhabdoviridae; Lyssavirus	2	Homo sapiens; Mammalia
GB virus C	54290	ssRNA viruses; ssRNA positive-strand viruses, no DNA stage; Flaviviridae; Pegivirus; unclassified Pegivirus	1	Homo sapiens
Gemycircularvirus SL1	1588764	unclassified viruses; Gemycircularvirus group	1	Homo sapiens
Great Island virus	204269	dsRNA viruses; Reoviridae; Sedoreovirinae; Orbivirus	3	Aves; Homo sapiens; Ixodida
Guanarito mammarenavirus	45219	ssRNA viruses; ssRNA negative-strand viruses; Arenaviridae; Mammarenavirus	2	Homo sapiens; Zygodontomys brevicauda
Gyrovirus 4	1214955	ssDNA viruses; Circoviridae; Gyrovirus; unclassified Gyrovirus	1	Homo sapiens
Gyrovirus GyV3	1163715	ssDNA viruses; Circoviridae; Gyrovirus; unclassified Gyrovirus	1	Homo sapiens
Gyrovirus Tu243	1415627	ssDNA viruses; Circoviridae; Gyrovirus; unclassified Gyrovirus	1	Homo sapiens
Gyrovirus Tu789	1415628	ssDNA viruses; Circoviridae; Gyrovirus; unclassified Gyrovirus	1	Homo sapiens
HMO Astrovirus A	682382	ssRNA viruses; ssRNA positive-strand viruses, no DNA stage; Astroviridae; Mamastrovirus; unclassified Mamastrovirus	1	Homo sapiens
Hantaan virus	11599	ssRNA viruses; ssRNA negative-strand viruses; Bunyaviridae; Hantavirus	2	Apodemus agrarius; Homo sapiens
Hantavirus Z10	93830	ssRNA viruses; ssRNA negative-strand viruses; Bunyaviridae; Hantavirus; unclassified Hantavirus	1	Homo sapiens
Heartland virus	1216928	ssRNA viruses; ssRNA negative-strand viruses; Bunyaviridae; Phlebovirus; unclassified Phlebovirus	1	Homo sapiens
Hendra virus	63330	ssRNA viruses; ssRNA negative-strand viruses; Mononegavirales; Paramyxoviridae; Paramyxovirinae; Henipavirus	5	Equus caballus; Homo sapiens; Pteropus alecto; Pteropus poliocephalus; Pteropus scapulatus
Hepatitis A virus	12092	ssRNA viruses; ssRNA positive-strand viruses, no DNA stage; Picornavirales; Picornaviridae; Hepatovirus	4	Cercopithecus hamlyni; Homo sapiens; Macaca; Pan troglodytes
Hepatitis B virus	10407	Retro-transcribing viruses; Hepadnaviridae; Orthohepadnavirus	2	Homo sapiens; Pan troglodytes
Hepatitis C virus	11103	ssRNA viruses; ssRNA positive-strand viruses, no DNA stage; Flaviviridae; Hepacivirus	1	Homo sapiens
Hepatitis C virus genotype 2	40271	ssRNA viruses; ssRNA positive-strand viruses, no DNA stage; Flaviviridae; Hepacivirus; Hepatitis C virus	1	Homo sapiens
Hepatitis C virus genotype 3	356114	ssRNA viruses; ssRNA positive-strand viruses, no DNA stage; Flaviviridae; Hepacivirus; Hepatitis C virus	1	Homo sapiens
Hepatitis C virus genotype 4	33745	ssRNA viruses; ssRNA positive-strand viruses, no DNA stage; Flaviviridae; Hepacivirus; Hepatitis C virus	1	Homo sapiens
Hepatitis C virus genotype 5	33746	ssRNA viruses; ssRNA positive-strand viruses, no DNA stage; Flaviviridae; Hepacivirus; Hepatitis C virus	1	Homo sapiens
Hepatitis C virus genotype 6	42182	ssRNA viruses; ssRNA positive-strand viruses, no DNA stage; Flaviviridae; Hepacivirus; Hepatitis C virus	1	Homo sapiens
Hepatitis E virus	12461	ssRNA viruses; ssRNA positive-strand viruses, no DNA stage; Hepeviridae; Hepevirus	1	Homo sapiens
Hepatitis delta virus	12475	Deltavirus	2	Hepatitis B virus; Homo sapiens
Human T-lymphotropic virus 1	11908	Retro-transcribing viruses; Retroviridae; Orthoretrovirinae; Deltaretrovirus; Primate T-lymphotropic virus 1	1	Homo sapiens
Human T-lymphotropic virus 2	11909	Retro-transcribing viruses; Retroviridae; Orthoretrovirinae; Deltaretrovirus; Primate T-lymphotropic virus 2	1	Homo sapiens
Human T-lymphotropic virus 4	318279	Retro-transcribing viruses; Retroviridae; Orthoretrovirinae; Deltaretrovirus; unclassified Deltaretrovirus	1	Homo sapiens
Human TMEV-like cardiovirus	511755	ssRNA viruses; ssRNA positive-strand viruses, no DNA stage; Picornavirales; Picornaviridae; Cardiovirus; Theilovirus	1	Homo sapiens
Human adenovirus 1	10533	dsDNA viruses, no RNA stage; Adenoviridae; Mastadenovirus; Human mastadenovirus C	1	Homo sapiens
Human adenovirus 2	10515	dsDNA viruses, no RNA stage; Adenoviridae; Mastadenovirus; Human mastadenovirus C	1	Homo sapiens
Human adenovirus 35	10522	dsDNA viruses, no RNA stage; Adenoviridae; Mastadenovirus; Human mastadenovirus B; Human adenovirus B2	1	Homo sapiens
Human adenovirus 5	28285	dsDNA viruses, no RNA stage; Adenoviridae; Mastadenovirus; Human mastadenovirus C	1	Homo sapiens
Human adenovirus 54	651580	dsDNA viruses, no RNA stage; Adenoviridae; Mastadenovirus; Human mastadenovirus D	1	Homo sapiens
Human adenovirus 7	10519	dsDNA viruses, no RNA stage; Adenoviridae; Mastadenovirus; Human mastadenovirus B; Human adenovirus B1	1	Homo sapiens
Human astrovirus BF34	1518575	ssRNA viruses; ssRNA positive-strand viruses, no DNA stage; Astroviridae; Mamastrovirus; unclassified Mamastrovirus; Burkina Faso astrovirus	1	Homo sapiens
Human bocavirus	329641	ssDNA viruses; Parvoviridae; Parvovirinae; Bocaparvovirus; unclassified Bocaparvovirus	1	Homo sapiens
Human bocavirus 2	573977	ssDNA viruses; Parvoviridae; Parvovirinae; Bocaparvovirus; unclassified Bocaparvovirus	1	Homo sapiens
Human bocavirus 2c PK	1511882	ssDNA viruses; Parvoviridae; Parvovirinae; Bocaparvovirus; Primate bocaparvovirus 2	1	Homo sapiens
Human bocavirus 3	638313	ssDNA viruses; Parvoviridae; Parvovirinae; Bocaparvovirus; Primate bocaparvovirus 1	1	Homo sapiens
Human bocavirus 4 NI	1511883	ssDNA viruses; Parvoviridae; Parvovirinae; Bocaparvovirus; Primate bocaparvovirus 2	1	Homo sapiens
Human circovirus VS6600022	1525173	ssDNA viruses; Circoviridae; Circovirus; unclassified Circovirus	1	Homo sapiens
Human coronavirus 229E	11137	ssRNA viruses; ssRNA positive-strand viruses, no DNA stage; Nidovirales; Coronaviridae; Coronavirinae; Alphacoronavirus	1	Homo sapiens
Human coronavirus HKU1	290028	ssRNA viruses; ssRNA positive-strand viruses, no DNA stage; Nidovirales; Coronaviridae; Coronavirinae; Betacoronavirus	1	Homo sapiens
Human coronavirus NL63	277944	ssRNA viruses; ssRNA positive-strand viruses, no DNA stage; Nidovirales; Coronaviridae; Coronavirinae; Alphacoronavirus	1	Homo sapiens
Human coronavirus OC43	31631	ssRNA viruses; ssRNA positive-strand viruses, no DNA stage; Nidovirales; Coronaviridae; Coronavirinae; Betacoronavirus; Betacoronavirus 1	1	Homo sapiens
Human cosavirus	1233383	ssRNA viruses; ssRNA positive-strand viruses, no DNA stage; Picornavirales; Picornaviridae; Cosavirus; unclassified Cosavirus	1	Homo sapiens
Human cosavirus B	586420	ssRNA viruses; ssRNA positive-strand viruses, no DNA stage; Picornavirales; Picornaviridae; Cosavirus; unclassified Cosavirus	1	Homo sapiens
Human cosavirus D	586422	ssRNA viruses; ssRNA positive-strand viruses, no DNA stage; Picornavirales; Picornaviridae; Cosavirus; unclassified Cosavirus	1	Homo sapiens
Human cosavirus E	586423	ssRNA viruses; ssRNA positive-strand viruses, no DNA stage; Picornavirales; Picornaviridae; Cosavirus; unclassified Cosavirus	1	Homo sapiens
Human cyclovirus	1455626	ssDNA viruses; Circoviridae; unclassified Circoviridae; suggested genus Cyclovirus	1	Homo sapiens
Human cyclovirus VS5700009	1345637	ssDNA viruses; Circoviridae; unclassified Circoviridae; suggested genus Cyclovirus	1	Homo sapiens
Human endogenous retrovirus K113	166122	Retro-transcribing viruses; Retroviridae; unclassified Retroviridae; Human endogenous retroviruses; Human endogenous retrovirus K	1	Homo sapiens
Human enteric coronavirus strain 4408	627439	ssRNA viruses; ssRNA positive-strand viruses, no DNA stage; Nidovirales; Coronaviridae; Coronavirinae; unclassified coronaviruses	2	Bos taurus; Homo sapiens
Human erythrovirus V9	72197	ssDNA viruses; Parvoviridae; Parvovirinae; Erythroparvovirus; unclassified Erythrovirus	1	Homo sapiens
Human genital-associated circular DNA virus-1	1488574	unclassified viruses	1	Homo sapiens
Human gyrovirus type 1	988776	ssDNA viruses; Circoviridae; Gyrovirus; unclassified Gyrovirus	1	Homo sapiens
Human herpesvirus 1	10298	dsDNA viruses, no RNA stage; Herpesvirales; Herpesviridae; Alphaherpesvirinae; Simplexvirus	1	Homo sapiens
Human herpesvirus 2	10310	dsDNA viruses, no RNA stage; Herpesvirales; Herpesviridae; Alphaherpesvirinae; Simplexvirus	1	Homo sapiens
Human herpesvirus 3	10335	dsDNA viruses, no RNA stage; Herpesvirales; Herpesviridae; Alphaherpesvirinae; Varicellovirus	1	Homo sapiens
Human herpesvirus 4	10376	dsDNA viruses, no RNA stage; Herpesvirales; Herpesviridae; Gammaherpesvirinae; Lymphocryptovirus	1	Homo sapiens
Human herpesvirus 4 type 2	12509	dsDNA viruses, no RNA stage; Herpesvirales; Herpesviridae; Gammaherpesvirinae; Lymphocryptovirus; Human herpesvirus 4	1	Homo sapiens
Human herpesvirus 5	10359	dsDNA viruses, no RNA stage; Herpesvirales; Herpesviridae; Betaherpesvirinae; Cytomegalovirus	1	Homo sapiens
Human herpesvirus 6A	32603	dsDNA viruses, no RNA stage; Herpesvirales; Herpesviridae; Betaherpesvirinae; Roseolovirus	1	Homo sapiens
Human herpesvirus 6B	32604	dsDNA viruses, no RNA stage; Herpesvirales; Herpesviridae; Betaherpesvirinae; Roseolovirus	1	Homo sapiens
Human herpesvirus 7	10372	dsDNA viruses, no RNA stage; Herpesvirales; Herpesviridae; Betaherpesvirinae; Roseolovirus	1	Homo sapiens
Human herpesvirus 8	37296	dsDNA viruses, no RNA stage; Herpesvirales; Herpesviridae; Gammaherpesvirinae; Rhadinovirus	1	Homo sapiens
Human immunodeficiency virus 1	11676	Retro-transcribing viruses; Retroviridae; Orthoretrovirinae; Lentivirus; Primate lentivirus group	1	Homo sapiens
Human immunodeficiency virus 2	11709	Retro-transcribing viruses; Retroviridae; Orthoretrovirinae; Lentivirus; Primate lentivirus group	1	Homo sapiens
Human mastadenovirus A	129875	dsDNA viruses, no RNA stage; Adenoviridae; Mastadenovirus	1	Homo sapiens
Human mastadenovirus B	108098	dsDNA viruses, no RNA stage; Adenoviridae; Mastadenovirus	1	Homo sapiens
Human mastadenovirus C	129951	dsDNA viruses, no RNA stage; Adenoviridae; Mastadenovirus	1	Homo sapiens
Human mastadenovirus D	130310	dsDNA viruses, no RNA stage; Adenoviridae; Mastadenovirus	3	Homo sapiens; Rattus; Rattus norvegicus
Human mastadenovirus E	130308	dsDNA viruses, no RNA stage; Adenoviridae; Mastadenovirus	1	Homo sapiens
Human mastadenovirus F	130309	dsDNA viruses, no RNA stage; Adenoviridae; Mastadenovirus	1	Homo sapiens
Human metapneumovirus	162145	ssRNA viruses; ssRNA negative-strand viruses; Mononegavirales; Paramyxoviridae; Pneumovirinae; Metapneumovirus	1	Homo sapiens
Human papillomavirus	10566	dsDNA viruses, no RNA stage; Papillomaviridae; unclassified Papillomaviridae; Human papillomavirus types	1	Homo sapiens
Human papillomavirus 116	915428	dsDNA viruses, no RNA stage; Papillomaviridae; Gammapapillomavirus; Gammapapillomavirus 9	1	Homo sapiens
Human papillomavirus KC5	1647924	dsDNA viruses, no RNA stage; Papillomaviridae; Gammapapillomavirus; unclassified Gammapapillomavirus	1	Homo sapiens
Human papillomavirus type 10	333759	dsDNA viruses, no RNA stage; Papillomaviridae; Alphapapillomavirus; Alphapapillomavirus 2	1	Homo sapiens
Human papillomavirus type 101	915425	dsDNA viruses, no RNA stage; Papillomaviridae; Gammapapillomavirus; Gammapapillomavirus 6	1	Homo sapiens
Human papillomavirus type 103	338323	dsDNA viruses, no RNA stage; Papillomaviridae; Gammapapillomavirus; Gammapapillomavirus 6	1	Homo sapiens
Human papillomavirus type 108	565537	dsDNA viruses, no RNA stage; Papillomaviridae; Gammapapillomavirus; Gammapapillomavirus 6	1	Homo sapiens
Human papillomavirus type 109	915426	dsDNA viruses, no RNA stage; Papillomaviridae; Gammapapillomavirus; Gammapapillomavirus 7	1	Homo sapiens
Human papillomavirus type 112	915427	dsDNA viruses, no RNA stage; Papillomaviridae; Gammapapillomavirus; Gammapapillomavirus 8	1	Homo sapiens
Human papillomavirus type 121	915429	dsDNA viruses, no RNA stage; Papillomaviridae; Gammapapillomavirus; Gammapapillomavirus 10	1	Homo sapiens
Human papillomavirus type 126	1055684	dsDNA viruses, no RNA stage; Papillomaviridae; Gammapapillomavirus; Gammapapillomavirus 11	1	Homo sapiens
Human papillomavirus type 127	746832	dsDNA viruses, no RNA stage; Papillomaviridae; Gammapapillomavirus; Gammapapillomavirus 12	1	Homo sapiens
Human papillomavirus type 128	931209	dsDNA viruses, no RNA stage; Papillomaviridae; Gammapapillomavirus; Gammapapillomavirus 13	1	Homo sapiens
Human papillomavirus type 129	931210	dsDNA viruses, no RNA stage; Papillomaviridae; Gammapapillomavirus; unclassified Gammapapillomavirus	1	Homo sapiens
Human papillomavirus type 131	909330	dsDNA viruses, no RNA stage; Papillomaviridae; Gammapapillomavirus; Gammapapillomavirus 14	1	Homo sapiens
Human papillomavirus type 132	909331	dsDNA viruses, no RNA stage; Papillomaviridae; Gammapapillomavirus; unclassified Gammapapillomavirus; Human papillomavirus 132-like viruses	1	Homo sapiens
Human papillomavirus type 134	909333	dsDNA viruses, no RNA stage; Papillomaviridae; Gammapapillomavirus; unclassified Gammapapillomavirus	1	Homo sapiens
Human papillomavirus type 135	1070408	dsDNA viruses, no RNA stage; Papillomaviridae; Gammapapillomavirus; Gammapapillomavirus 15	1	Homo sapiens
Human papillomavirus type 136	1070409	dsDNA viruses, no RNA stage; Papillomaviridae; unclassified Papillomaviridae; Human papillomavirus types	1	Homo sapiens
Human papillomavirus type 137	1070410	dsDNA viruses, no RNA stage; Papillomaviridae; Gammapapillomavirus; Gammapapillomavirus 16	1	Homo sapiens
Human papillomavirus type 140	1070413	dsDNA viruses, no RNA stage; Papillomaviridae; unclassified Papillomaviridae; Human papillomavirus types	1	Homo sapiens
Human papillomavirus type 144	1070417	dsDNA viruses, no RNA stage; Papillomaviridae; Gammapapillomavirus; Gammapapillomavirus 17	1	Homo sapiens
Human papillomavirus type 154	1195796	dsDNA viruses, no RNA stage; Papillomaviridae; unclassified Papillomaviridae; Human papillomavirus types	1	Homo sapiens
Human papillomavirus type 16	333760	dsDNA viruses, no RNA stage; Papillomaviridae; Alphapapillomavirus; Alphapapillomavirus 9	1	Homo sapiens
Human papillomavirus type 163	1315262	dsDNA viruses, no RNA stage; Papillomaviridae; Gammapapillomavirus; Gammapapillomavirus 20	1	Homo sapiens
Human papillomavirus type 166	1315259	dsDNA viruses, no RNA stage; Papillomaviridae; Gammapapillomavirus; Gammapapillomavirus 19	1	Homo sapiens
Human papillomavirus type 167	1420545	dsDNA viruses, no RNA stage; Papillomaviridae; Gammapapillomavirus; unclassified Gammapapillomavirus	1	Homo sapiens
Human papillomavirus type 178	1478160	dsDNA viruses, no RNA stage; Papillomaviridae; Gammapapillomavirus; unclassified Gammapapillomavirus	1	Homo sapiens
Human papillomavirus type 179	1472342	dsDNA viruses, no RNA stage; Papillomaviridae; unclassified Papillomaviridae; Human papillomavirus types	1	Homo sapiens
Human papillomavirus type 201	1682340	dsDNA viruses, no RNA stage; Papillomaviridae; Gammapapillomavirus; unclassified Gammapapillomavirus	1	Homo sapiens
Human papillomavirus type 26	333762	dsDNA viruses, no RNA stage; Papillomaviridae; Alphapapillomavirus; Alphapapillomavirus 5	1	Homo sapiens
Human papillomavirus type 32	333763	dsDNA viruses, no RNA stage; Papillomaviridae; Alphapapillomavirus; Alphapapillomavirus 1	1	Homo sapiens
Human papillomavirus type 34	333764	dsDNA viruses, no RNA stage; Papillomaviridae; Alphapapillomavirus; Alphapapillomavirus 11	1	Homo sapiens
Human papillomavirus type 4	10617	dsDNA viruses, no RNA stage; Papillomaviridae; Gammapapillomavirus; Gammapapillomavirus 1	1	Homo sapiens
Human papillomavirus type 41	10589	dsDNA viruses, no RNA stage; Papillomaviridae; Nupapillomavirus; Nupapillomavirus 1	1	Homo sapiens
Human papillomavirus type 48	40538	dsDNA viruses, no RNA stage; Papillomaviridae; Gammapapillomavirus; Gammapapillomavirus 2	1	Homo sapiens
Human papillomavirus type 49	10616	dsDNA viruses, no RNA stage; Papillomaviridae; Betapapillomavirus; Betapapillomavirus 3	1	Homo sapiens
Human papillomavirus type 5	333923	dsDNA viruses, no RNA stage; Papillomaviridae; Betapapillomavirus; Betapapillomavirus 1	1	Homo sapiens
Human papillomavirus type 50	40539	dsDNA viruses, no RNA stage; Papillomaviridae; Gammapapillomavirus; Gammapapillomavirus 3	1	Homo sapiens
Human papillomavirus type 53	333765	dsDNA viruses, no RNA stage; Papillomaviridae; Alphapapillomavirus; Alphapapillomavirus 6	1	Homo sapiens
Human papillomavirus type 54	1671798	dsDNA viruses, no RNA stage; Papillomaviridae; Alphapapillomavirus; Alphapapillomavirus 13	1	Homo sapiens
Human papillomavirus type 60	40540	dsDNA viruses, no RNA stage; Papillomaviridae; Gammapapillomavirus; Gammapapillomavirus 4	1	Homo sapiens
Human papillomavirus type 63	28311	dsDNA viruses, no RNA stage; Papillomaviridae; Mupapillomavirus; Mupapillomavirus 2	1	Homo sapiens
Human papillomavirus type 6b	10600	dsDNA viruses, no RNA stage; Papillomaviridae; Alphapapillomavirus; Alphapapillomavirus 10	1	Homo sapiens
Human papillomavirus type 7	10620	dsDNA viruses, no RNA stage; Papillomaviridae; Alphapapillomavirus; Alphapapillomavirus 8	1	Homo sapiens
Human papillomavirus type 88	337054	dsDNA viruses, no RNA stage; Papillomaviridae; Gammapapillomavirus; Gammapapillomavirus 5	1	Homo sapiens
Human papillomavirus type 9	10621	dsDNA viruses, no RNA stage; Papillomaviridae; Betapapillomavirus; Betapapillomavirus 2	1	Homo sapiens
Human papillomavirus type 90	333769	dsDNA viruses, no RNA stage; Papillomaviridae; Alphapapillomavirus; Alphapapillomavirus 14	1	Homo sapiens
Human papillomavirus type 92	211787	dsDNA viruses, no RNA stage; Papillomaviridae; Betapapillomavirus; Betapapillomavirus 4	1	Homo sapiens
Human papillomavirus type 96	247269	dsDNA viruses, no RNA stage; Papillomaviridae; Betapapillomavirus; Betapapillomavirus 5	1	Homo sapiens
Human parainfluenza virus 1	12730	ssRNA viruses; ssRNA negative-strand viruses; Mononegavirales; Paramyxoviridae; Paramyxovirinae; Respirovirus	1	Homo sapiens
Human parainfluenza virus 2	11212	ssRNA viruses; ssRNA negative-strand viruses; Mononegavirales; Paramyxoviridae; Paramyxovirinae; Rubulavirus	1	Homo sapiens
Human parainfluenza virus 3	11216	ssRNA viruses; ssRNA negative-strand viruses; Mononegavirales; Paramyxoviridae; Paramyxovirinae; Respirovirus	1	Homo sapiens
Human parainfluenza virus 4a	11224	ssRNA viruses; ssRNA negative-strand viruses; Mononegavirales; Paramyxoviridae; Paramyxovirinae; Rubulavirus; Human parainfluenza virus 4	1	Homo sapiens
Human parechovirus	195054	ssRNA viruses; ssRNA positive-strand viruses, no DNA stage; Picornavirales; Picornaviridae; Parechovirus	1	Homo sapiens
Human parvovirus 4 G1	1511919	ssDNA viruses; Parvoviridae; Parvovirinae; Tetraparvovirus; Primate tetraparvovirus 1	1	Homo sapiens
Human parvovirus B19	10798	ssDNA viruses; Parvoviridae; Parvovirinae; Erythroparvovirus; Primate erythroparvovirus 1	1	Homo sapiens
Human pegivirus 2	1729141	ssRNA viruses; ssRNA positive-strand viruses, no DNA stage; Flaviviridae; Pegivirus; unclassified Pegivirus	1	Homo sapiens
Human picobirnavirus	145856	dsRNA viruses; Picobirnaviridae; Picobirnavirus	1	Homo sapiens
Human polyomavirus 12	1303334	dsDNA viruses, no RNA stage; Polyomaviridae; Polyomavirus; unclassified Polyomavirus	1	Homo sapiens
Human polyomavirus 6	746830	dsDNA viruses, no RNA stage; Polyomaviridae; Polyomavirus; unclassified Polyomavirus	1	Homo sapiens
Human polyomavirus 7	746831	dsDNA viruses, no RNA stage; Polyomaviridae; Polyomavirus; unclassified Polyomavirus	1	Homo sapiens
Human polyomavirus 9	943908	dsDNA viruses, no RNA stage; Polyomaviridae; Polyomavirus; unclassified Polyomavirus	1	Homo sapiens
Human respiratory syncytial virus	11250	ssRNA viruses; ssRNA negative-strand viruses; Mononegavirales; Paramyxoviridae; Pneumovirinae; Pneumovirus	1	Homo sapiens
Human rhinovirus B14	12131	ssRNA viruses; ssRNA positive-strand viruses, no DNA stage; Picornavirales; Picornaviridae; Enterovirus; Rhinovirus B	1	Homo sapiens
Human rotavirus B	10942	dsRNA viruses; Reoviridae; Sedoreovirinae; Rotavirus; Rotavirus B	1	Homo sapiens
Human smacovirus 1	1595998	unclassified viruses; Smacovirusgroup	1	Homo sapiens
Ilheus virus	59563	ssRNA viruses; ssRNA positive-strand viruses, no DNA stage; Flaviviridae; Flavivirus; mosquito-borne viruses	8	Aves; Culex; Haemagogus; Homo sapiens; Ochlerotatus; Psorophora; Sabethes; Trichoprosopon
Influenza A virus (A/California/07/2009(H1N1))	641809	ssRNA viruses; ssRNA negative-strand viruses; Orthomyxoviridae; Influenzavirus A; Influenza A virus; H1N1 subtype	1	Homo sapiens
Influenza A virus (A/Hong Kong/1073/99(H9N2))	130760	ssRNA viruses; ssRNA negative-strand viruses; Orthomyxoviridae; Influenzavirus A; Influenza A virus; H9N2 subtype	1	Homo sapiens
Influenza A virus (A/Korea/426/1968(H2N2))	488241	ssRNA viruses; ssRNA negative-strand viruses; Orthomyxoviridae; Influenzavirus A; Influenza A virus; H2N2 subtype	2	Aves; Homo sapiens
Influenza A virus (A/New York/392/2004(H3N2))	335341	ssRNA viruses; ssRNA negative-strand viruses; Orthomyxoviridae; Influenzavirus A; Influenza A virus; H3N2 subtype	1	Homo sapiens
Influenza A virus (A/Puerto Rico/8/1934(H1N1))	211044	ssRNA viruses; ssRNA negative-strand viruses; Orthomyxoviridae; Influenzavirus A; Influenza A virus; H1N1 subtype	3	Aves; Homo sapiens; Sus scrofa
Influenza A virus (A/Shanghai/02/2013(H7N9))	1332244	ssRNA viruses; ssRNA negative-strand viruses; Orthomyxoviridae; Influenzavirus A; Influenza A virus; H7N9 subtype	1	Homo sapiens
Influenza A virus (A/goose/Guangdong/1/1996(H5N1))	93838	ssRNA viruses; ssRNA negative-strand viruses; Orthomyxoviridae; Influenzavirus A; Influenza A virus; H5N1 subtype	6	Aves; Felis catus; Homo sapiens; Panthera pardus; Panthera tigris; Sus scrofa
Influenza B virus	11520	ssRNA viruses; ssRNA negative-strand viruses; Orthomyxoviridae; Influenzavirus B	1	Homo sapiens
Influenza C virus (C/Ann Arbor/1/50)	11553	ssRNA viruses; ssRNA negative-strand viruses; Orthomyxoviridae; Influenzavirus C; Influenza C virus	2	Homo sapiens; Sus scrofa
Isfahan virus	290008	ssRNA viruses; ssRNA negative-strand viruses; Mononegavirales; Rhabdoviridae; Vesiculovirus	3	Gerbillinae; Homo sapiens; Phlebotomus papatasi
JC polyomavirus	10632	dsDNA viruses, no RNA stage; Polyomaviridae; Polyomavirus	1	Homo sapiens
Japanese encephalitis virus	11072	ssRNA viruses; ssRNA positive-strand viruses, no DNA stage; Flaviviridae; Flavivirus; Japanese encephalitis virus group	7	Ardeidae; Bos taurus; Culex gelidus; Culex tritaeniorhynchus; Equus caballus; Homo sapiens; Sus scrofa
Junin mammarenavirus	11619	ssRNA viruses; ssRNA negative-strand viruses; Arenaviridae; Mammarenavirus	5	Akodon azarae; Bolomys; Calomys laucha; Calomys musculinus; Homo sapiens
Jurona virus	864699	ssRNA viruses; ssRNA negative-strand viruses; Mononegavirales; Rhabdoviridae; Vesiculovirus; unclassified Vesiculovirus	1	Homo sapiens
KI polyomavirus	423445	dsDNA viruses, no RNA stage; Polyomaviridae; Polyomavirus; unclassified Polyomavirus	1	Homo sapiens
Karshi virus	64287	ssRNA viruses; ssRNA positive-strand viruses, no DNA stage; Flaviviridae; Flavivirus; tick-borne encephalitis virus group; Royal Farm virus	2	Homo sapiens; Rodentia
La Crosse virus	11577	ssRNA viruses; ssRNA negative-strand viruses; Bunyaviridae; Orthobunyavirus; California encephalitis virus	4	Cervidae; Homo sapiens; Ochlerotatus triseriatus; Tamias
Lagos bat virus	38766	ssRNA viruses; ssRNA negative-strand viruses; Mononegavirales; Rhabdoviridae; Lyssavirus	3	Eidolon helvum; Homo sapiens; Mammalia
Langat virus	11085	ssRNA viruses; ssRNA positive-strand viruses, no DNA stage; Flaviviridae; Flavivirus; tick-borne encephalitis virus group	2	Homo sapiens; Mus
Lassa mammarenavirus	11620	ssRNA viruses; ssRNA negative-strand viruses; Arenaviridae; Mammarenavirus	2	Homo sapiens; Mastomys natalensis
Louping ill virus	11086	ssRNA viruses; ssRNA positive-strand viruses, no DNA stage; Flaviviridae; Flavivirus; tick-borne encephalitis virus group	8	Bos taurus; Canis lupus familiaris; Cervinae; Equus caballus; Homo sapiens; Ixodes ricinus; Ovis aries; Sus scrofa
Lujo mammarenavirus	649188	ssRNA viruses; ssRNA negative-strand viruses; Arenaviridae; Mammarenavirus	1	Homo sapiens
Lymphocytic choriomeningitis mammarenavirus	11623	ssRNA viruses; ssRNA negative-strand viruses; Arenaviridae; Mammarenavirus	3	Homo sapiens; Mesocricetus auratus; Mus musculus
Lyssavirus Ozernoe	642022	ssRNA viruses; ssRNA negative-strand viruses; Mononegavirales; Rhabdoviridae; Lyssavirus; unclassified Lyssavirus	2	Homo sapiens; Mus musculus
MSSI2.225 virus	1516081	ssDNA viruses; unclassified ssDNA viruses	1	Homo sapiens
MW polyomavirus	1203539	dsDNA viruses, no RNA stage; Polyomaviridae; Polyomavirus; unclassified Polyomavirus	1	Homo sapiens
Macacine herpesvirus 1	10325	dsDNA viruses, no RNA stage; Herpesvirales; Herpesviridae; Alphaherpesvirinae; Simplexvirus	5	Homo sapiens; Macaca fascicularis; Macaca leonina; Macaca mulatta; Macaca nemestrina
Macaque simian foamy virus	338478	Retro-transcribing viruses; Retroviridae; Spumaretrovirinae; Spumavirus	2	Homo sapiens; Macaca
Machupo mammarenavirus	11628	ssRNA viruses; ssRNA negative-strand viruses; Arenaviridae; Mammarenavirus	3	Calomys callosus; Chlorocebus aethiops; Homo sapiens
Mamastrovirus 1	1239565	ssRNA viruses; ssRNA positive-strand viruses, no DNA stage; Astroviridae; Mamastrovirus	1	Homo sapiens
Maraba virus	1046251	ssRNA viruses; ssRNA negative-strand viruses; Mononegavirales; Rhabdoviridae; Vesiculovirus	2	Homo sapiens; Mus musculus
Marburg marburgvirus	11269	ssRNA viruses; ssRNA negative-strand viruses; Mononegavirales; Filoviridae; Marburgvirus	3	Chlorocebus aethiops; Homo sapiens; Rousettus aegyptiacus
Mayaro virus	59301	ssRNA viruses; ssRNA positive-strand viruses, no DNA stage; Togaviridae; Alphavirus; SFV complex	3	Aedes aegypti; Haemagogus; Homo sapiens
Measles virus	11234	ssRNA viruses; ssRNA negative-strand viruses; Mononegavirales; Paramyxoviridae; Paramyxovirinae; Morbillivirus	1	Homo sapiens
Melaka orthoreovirus	419697	dsRNA viruses; Reoviridae; Spinareovirinae; Orthoreovirus; unclassified Orthoreovirus	2	Chiroptera; Homo sapiens
Menangle virus	152219	ssRNA viruses; ssRNA negative-strand viruses; Mononegavirales; Paramyxoviridae; Paramyxovirinae; Rubulavirus; unclassified Rubulavirus	5	Homo sapiens; Pteropus alecto; Pteropus conspicillatus; Pteropus poliocephalus; Sus scrofa
Merkel cell polyomavirus	493803	dsDNA viruses, no RNA stage; Polyomaviridae; Polyomavirus; unclassified Polyomavirus	1	Homo sapiens
Microviridae IME-16	1544364	ssDNA viruses; Microviridae; unclassified Microviridae	1	Homo sapiens
Middle East respiratory syndrome coronavirus	1335626	ssRNA viruses; ssRNA positive-strand viruses, no DNA stage; Nidovirales; Coronaviridae; Coronavirinae; Betacoronavirus; unclassified Betacoronavirus	2	Camelus dromedarius; Homo sapiens
Modoc virus	64300	ssRNA viruses; ssRNA positive-strand viruses, no DNA stage; Flaviviridae; Flavivirus; Modoc virus group	2	Homo sapiens; Peromyscus maniculatus
Mokola virus	12538	ssRNA viruses; ssRNA negative-strand viruses; Mononegavirales; Rhabdoviridae; Lyssavirus	5	Canis lupus familiaris; Chodsigoa caovansunga; Felis catus; Homo sapiens; Rodentia
Molluscum contagiosum virus subtype 1	10280	dsDNA viruses, no RNA stage; Poxviridae; Chordopoxvirinae; Molluscipoxvirus; Molluscum contagiosum virus	1	Homo sapiens
Monkeypox virus Zaire-96-I-16	619591	dsDNA viruses, no RNA stage; Poxviridae; Chordopoxvirinae; Orthopoxvirus; Monkeypox virus	9	Cynomys gunnisoni; Cynomys leucurus; Cynomys ludovicianus; Cynomys mexicanus; Cynomys parvidens; Gliridae; Heliosciurus ruwenzorii; Homo sapiens; Mus musculus
Mumps virus	11161	ssRNA viruses; ssRNA negative-strand viruses; Mononegavirales; Paramyxoviridae; Paramyxovirinae; Rubulavirus	1	Homo sapiens
Mupapillomavirus 1	334203	dsDNA viruses, no RNA stage; Papillomaviridae; Mupapillomavirus	1	Homo sapiens
Murray Valley encephalitis virus	11079	ssRNA viruses; ssRNA positive-strand viruses, no DNA stage; Flaviviridae; Flavivirus; Japanese encephalitis virus group	2	Culex annulirostris; Homo sapiens
New Jersey polyomavirus-2013	1497391	dsDNA viruses, no RNA stage; Polyomaviridae; Polyomavirus; unclassified Polyomavirus	1	Homo sapiens
Nipah virus	121791	ssRNA viruses; ssRNA negative-strand viruses; Mononegavirales; Paramyxoviridae; Paramyxovirinae; Henipavirus	7	Cynopterus brachyotis; Eonycteris spelaea; Homo sapiens; Pteropus hypomelanus; Pteropus vampyrus; Scotophilus kuhlii; Sus scrofa
Norwalk virus	11983	ssRNA viruses; ssRNA positive-strand viruses, no DNA stage; Caliciviridae; Norovirus	1	Homo sapiens
Ntaya virus	64292	ssRNA viruses; ssRNA positive-strand viruses, no DNA stage; Flaviviridae; Flavivirus; Ntaya virus group	2	Homo sapiens; Mus musculus
O'nyong-nyong virus	11027	ssRNA viruses; ssRNA positive-strand viruses, no DNA stage; Togaviridae; Alphavirus; SFV complex	2	Anopheles; Homo sapiens
Omsk hemorrhagic fever virus	12542	ssRNA viruses; ssRNA positive-strand viruses, no DNA stage; Flaviviridae; Flavivirus; tick-borne encephalitis virus group	5	Arvicola amphibius; Dermacentor reticulatus; Homo sapiens; Ixodes; Ondatra zibethicus
Orf virus	10258	dsDNA viruses, no RNA stage; Poxviridae; Chordopoxvirinae; Parapoxvirus	3	Capra hircus; Homo sapiens; Ovis aries
Oropouche virus	118655	ssRNA viruses; ssRNA negative-strand viruses; Bunyaviridae; Orthobunyavirus	2	Bradypus tridactylus; Homo sapiens
Papiine herpesvirus 2	340907	dsDNA viruses, no RNA stage; Herpesvirales; Herpesviridae; Alphaherpesvirinae; Simplexvirus	6	Homo sapiens; Macaca fascicularis; Macaca leonina; Macaca mulatta; Macaca nemestrina; Papio cynocephalus
Parainfluenza virus 5	11207	ssRNA viruses; ssRNA negative-strand viruses; Mononegavirales; Paramyxoviridae; Paramyxovirinae; Rubulavirus	2	Canis lupus familiaris; Homo sapiens
Parvovirus NIH-CQV	1341019	ssDNA viruses; Parvoviridae; Parvovirinae; unclassified Parvovirinae	1	Homo sapiens
Pichinde mammarenavirus	11630	ssRNA viruses; ssRNA negative-strand viruses; Arenaviridae; Mammarenavirus	3	Cavia cutleri; Homo sapiens; Nephelomys albigularis
Powassan virus	11083	ssRNA viruses; ssRNA positive-strand viruses, no DNA stage; Flaviviridae; Flavivirus; tick-borne encephalitis virus group	7	Dermacentor andersoni; Homo sapiens; Ixodes cookei; Ixodes scapularis; Ixodes spinipalpis; Lepus americanus; Marmota monax
Punta Toro virus	11587	ssRNA viruses; ssRNA negative-strand viruses; Bunyaviridae; Phlebovirus	2	Homo sapiens; Phlebotomus papatasi
Puumala virus	11604	ssRNA viruses; ssRNA negative-strand viruses; Bunyaviridae; Hantavirus	2	Homo sapiens; Myodes glareolus
Rabies virus	11292	ssRNA viruses; ssRNA negative-strand viruses; Mononegavirales; Rhabdoviridae; Lyssavirus	16	Bos taurus; Canis lupus; Canis lupus familiaris; Capra hircus; Chiroptera; Equus caballus; Felis catus; Homo sapiens; Mammalia; Melogale moschata; Mephitidae; Nyctereutes procyonoides; Ovis aries; Rattus norvegicus; Sus scrofa; Urocyon cinereoargenteus
Ralstonia phage 1 NP-2014	1460070	ssDNA viruses; Inoviridae; unclassified Inoviridae	1	Homo sapiens
Respiratory syncytial virus	12814	ssRNA viruses; ssRNA negative-strand viruses; Mononegavirales; Paramyxoviridae; Pneumovirinae; Pneumovirus; unclassified Pneumovirus	1	Homo sapiens
Reston ebolavirus	186539	ssRNA viruses; ssRNA negative-strand viruses; Mononegavirales; Filoviridae; Ebolavirus	4	Epomops franqueti; Homo sapiens; Myonycteris torquata; Sus scrofa
Rhinovirus A	147711	ssRNA viruses; ssRNA positive-strand viruses, no DNA stage; Picornavirales; Picornaviridae; Enterovirus	1	Homo sapiens
Rhinovirus C	463676	ssRNA viruses; ssRNA positive-strand viruses, no DNA stage; Picornavirales; Picornaviridae; Enterovirus	1	Homo sapiens
Rift Valley fever virus	11588	ssRNA viruses; ssRNA negative-strand viruses; Bunyaviridae; Phlebovirus	8	Aedes; Bos taurus; Bos taurus x Bison bison; Camelus bactrianus; Capra hircus; Homo sapiens; Ovis aries; Phlebotomus papatasi
Rio Bravo virus	64285	ssRNA viruses; ssRNA positive-strand viruses, no DNA stage; Flaviviridae; Flavivirus; Rio Bravo virus group	4	Eptesicus fuscus; Homo sapiens; Molossus ater; Tadarida brasiliensis mexicana
Rosavirus A2	1511807	ssRNA viruses; ssRNA positive-strand viruses, no DNA stage; Picornavirales; Picornaviridae; Rosavirus; Rosavirus A	1	Homo sapiens
Ross River virus	11029	ssRNA viruses; ssRNA positive-strand viruses, no DNA stage; Togaviridae; Alphavirus; SFV complex	4	Aedes; Culex annulirostris; Homo sapiens; Macropus sp.
Rotavirus A	28875	dsRNA viruses; Reoviridae; Sedoreovirinae; Rotavirus	2	Chlorocebus pygerythrus; Homo sapiens
Rotavirus C	36427	dsRNA viruses; Reoviridae; Sedoreovirinae; Rotavirus	1	Homo sapiens
Rubella virus	11041	ssRNA viruses; ssRNA positive-strand viruses, no DNA stage; Togaviridae; Rubivirus	1	Homo sapiens
SARS coronavirus	227859	ssRNA viruses; ssRNA positive-strand viruses, no DNA stage; Nidovirales; Coronaviridae; Coronavirinae; Betacoronavirus; Severe acute respiratory syndrome-related coronavirus	2	Homo sapiens; Paguma larvata
SFTS virus HB29	992212	ssRNA viruses; ssRNA negative-strand viruses; Bunyaviridae; Phlebovirus; unclassified Phlebovirus; Severe fever with thrombocytopenia syndrome virus	1	Homo sapiens
STL polyomavirus	1277649	dsDNA viruses, no RNA stage; Polyomaviridae; Polyomavirus; unclassified Polyomavirus	1	Homo sapiens
Sabia mammarenavirus	45709	ssRNA viruses; ssRNA negative-strand viruses; Arenaviridae; Mammarenavirus	1	Homo sapiens
Saffold virus	434309	ssRNA viruses; ssRNA positive-strand viruses, no DNA stage; Picornavirales; Picornaviridae; Cardiovirus; Theilovirus	2	Homo sapiens; Mus musculus
Salivirus A	1330524	ssRNA viruses; ssRNA positive-strand viruses, no DNA stage; Picornavirales; Picornaviridae; Salivirus	1	Homo sapiens
Salivirus FHB	1547495	ssRNA viruses; ssRNA positive-strand viruses, no DNA stage; Picornavirales; Picornaviridae; Salivirus; unclassified Salivirus	1	Homo sapiens
Salivirus NG-J1	651733	ssRNA viruses; ssRNA positive-strand viruses, no DNA stage; Picornavirales; Picornaviridae; Salivirus; Salivirus A	2	Homo sapiens; Pan troglodytes
Sandfly fever Naples virus	206160	ssRNA viruses; ssRNA negative-strand viruses; Bunyaviridae; Phlebovirus	2	Homo sapiens; Phlebotomus perniciosus
Sandfly fever Turkey virus	688699	ssRNA viruses; ssRNA negative-strand viruses; Bunyaviridae; Phlebovirus; unclassified Phlebovirus; Sandfly fever Sicilian virus	1	Homo sapiens
Sapovirus C12	290314	ssRNA viruses; ssRNA positive-strand viruses, no DNA stage; Caliciviridae; Sapovirus; Sapporo virus; Sapovirus GII	1	Homo sapiens
Sapovirus Hu/Dresden/pJG-Sap01/DE	291175	ssRNA viruses; ssRNA positive-strand viruses, no DNA stage; Caliciviridae; Sapovirus; Sapporo virus; Sapovirus isolates	1	Homo sapiens
Sapovirus Hu/Nagoya/NGY-1/2012/JPN	1280920	ssRNA viruses; ssRNA positive-strand viruses, no DNA stage; Caliciviridae; Sapovirus; Sapporo virus; Sapovirus isolates	1	Homo sapiens
Sapovirus Mc10	234601	ssRNA viruses; ssRNA positive-strand viruses, no DNA stage; Caliciviridae; Sapovirus; Sapporo virus; Sapovirus GII	1	Homo sapiens
Semliki Forest virus	11033	ssRNA viruses; ssRNA positive-strand viruses, no DNA stage; Togaviridae; Alphavirus; SFV complex	7	Aedes; Atelerix albiventris; Culex tritaeniorhynchus; Halcyon; Homo sapiens; Quelea; Rhipicephalus
Seoul virus	11608	ssRNA viruses; ssRNA negative-strand viruses; Bunyaviridae; Hantavirus	4	Chlorocebus aethiops; Homo sapiens; Rattus norvegicus; Rattus rattus
Simian foamy virus	11642	Retro-transcribing viruses; Retroviridae; Spumaretrovirinae; Spumavirus	2	Homo sapiens; Pan troglodytes
Sin Nombre virus	37705	ssRNA viruses; ssRNA negative-strand viruses; Bunyaviridae; Hantavirus	2	Homo sapiens; Peromyscus maniculatus
Sindbis virus	11034	ssRNA viruses; ssRNA positive-strand viruses, no DNA stage; Togaviridae; Alphavirus; WEEV complex	6	Acrocephalus scirpaceus; Aedes; Culex; Homo sapiens; Motacilla alba; Streptopelia turtur
Small anellovirus 1	289366	ssDNA viruses; Anelloviridae; unclassified Anelloviridae; Small anellovirus	1	Homo sapiens
Small anellovirus 2	289367	ssDNA viruses; Anelloviridae; unclassified Anelloviridae; Small anellovirus	1	Homo sapiens
Sosuga virus	1452514	ssRNA viruses; ssRNA negative-strand viruses; Mononegavirales; Paramyxoviridae; Paramyxovirinae; Rubulavirus; unclassified Rubulavirus	1	Homo sapiens
St. Louis encephalitis virus	11080	ssRNA viruses; ssRNA positive-strand viruses, no DNA stage; Flaviviridae; Flavivirus; Japanese encephalitis virus group	7	Culex nigripalpus; Culex quinquefasciatus; Culicidae; Dasypodidae; Dromaius novaehollandiae; Homo sapiens; Passer domesticus
Sudan ebolavirus	186540	ssRNA viruses; ssRNA negative-strand viruses; Mononegavirales; Filoviridae; Ebolavirus	3	Epomops franqueti; Homo sapiens; Myonycteris torquata
TTV-like mini virus	93678	ssDNA viruses; Anelloviridae; unclassified Anelloviridae	1	Homo sapiens
Tai Forest ebolavirus	186541	ssRNA viruses; ssRNA negative-strand viruses; Mononegavirales; Filoviridae; Ebolavirus	1	Homo sapiens
Tanapox virus	99000	dsDNA viruses, no RNA stage; Poxviridae; Chordopoxvirinae; Yatapoxvirus	1	Homo sapiens
Titi monkey adenovirus ECC-2011	994672	dsDNA viruses, no RNA stage; Adenoviridae; unclassified Adenoviridae	2	Callicebus cupreus; Homo sapiens
Torque teno midi virus 1	687379	ssDNA viruses; Anelloviridae; Gammatorquevirus	1	Homo sapiens
Torque teno midi virus 2	687380	ssDNA viruses; Anelloviridae; Gammatorquevirus	1	Homo sapiens
Torque teno mini virus 1	687369	ssDNA viruses; Anelloviridae; Betatorquevirus	1	Homo sapiens
Torque teno mini virus 2	687370	ssDNA viruses; Anelloviridae; Betatorquevirus	1	Homo sapiens
Torque teno mini virus 3	687371	ssDNA viruses; Anelloviridae; Betatorquevirus	1	Homo sapiens
Torque teno mini virus 5	687373	ssDNA viruses; Anelloviridae; Betatorquevirus	1	Homo sapiens
Torque teno mini virus 6	687374	ssDNA viruses; Anelloviridae; Betatorquevirus	1	Homo sapiens
Torque teno mini virus 7	687375	ssDNA viruses; Anelloviridae; Betatorquevirus	1	Homo sapiens
Torque teno mini virus 8	687376	ssDNA viruses; Anelloviridae; Betatorquevirus	1	Homo sapiens
Torque teno mini virus 9	687377	ssDNA viruses; Anelloviridae; Betatorquevirus	1	Homo sapiens
Torque teno mini virus ALA22	1535290	ssDNA viruses; Anelloviridae; Betatorquevirus; unclassified Betatorquevirus	1	Homo sapiens
Torque teno mini virus ALH8	1535291	ssDNA viruses; Anelloviridae; Betatorquevirus; unclassified Betatorquevirus	1	Homo sapiens
Torque teno virus	68887	ssDNA viruses; Anelloviridae; unclassified Anelloviridae	1	Homo sapiens
Torque teno virus 1	687340	ssDNA viruses; Anelloviridae; Alphatorquevirus	1	Homo sapiens
Torque teno virus 10	687349	ssDNA viruses; Anelloviridae; Alphatorquevirus	1	Homo sapiens
Torque teno virus 12	687351	ssDNA viruses; Anelloviridae; Alphatorquevirus	1	Homo sapiens
Torque teno virus 15	687354	ssDNA viruses; Anelloviridae; Alphatorquevirus	1	Homo sapiens
Torque teno virus 16	687355	ssDNA viruses; Anelloviridae; Alphatorquevirus	1	Homo sapiens
Torque teno virus 19	687358	ssDNA viruses; Anelloviridae; Alphatorquevirus	1	Homo sapiens
Torque teno virus 25	687364	ssDNA viruses; Anelloviridae; Alphatorquevirus	1	Homo sapiens
Torque teno virus 27	687366	ssDNA viruses; Anelloviridae; Alphatorquevirus	1	Homo sapiens
Torque teno virus 28	687367	ssDNA viruses; Anelloviridae; Alphatorquevirus	1	Homo sapiens
Torque teno virus 3	687342	ssDNA viruses; Anelloviridae; Alphatorquevirus	1	Homo sapiens
Torque teno virus 4	687343	ssDNA viruses; Anelloviridae; Alphatorquevirus	1	Homo sapiens
Torque teno virus 6	687345	ssDNA viruses; Anelloviridae; Alphatorquevirus	1	Homo sapiens
Torque teno virus 7	687346	ssDNA viruses; Anelloviridae; Alphatorquevirus	1	Homo sapiens
Torque teno virus 8	687347	ssDNA viruses; Anelloviridae; Alphatorquevirus	1	Homo sapiens
Trichodysplasia spinulosa-associated polyomavirus	862909	dsDNA viruses, no RNA stage; Polyomaviridae; Polyomavirus; unclassified Polyomavirus	1	Homo sapiens
Tula virus	37133	ssRNA viruses; ssRNA negative-strand viruses; Bunyaviridae; Hantavirus	3	Homo sapiens; Microtus arvalis; Microtus levis
Uncultured phage WW-nAnB strain 2	1449896	ssDNA viruses; Inoviridae; environmental samples	1	Homo sapiens
Uncultured phage WW-nAnB strain 3	1449897	ssDNA viruses; Inoviridae; environmental samples	1	Homo sapiens
Uukuniemi virus	11591	ssRNA viruses; ssRNA negative-strand viruses; Bunyaviridae; Phlebovirus	2	Homo sapiens; Ixodes ricinus
Vaccinia virus	10245	dsDNA viruses, no RNA stage; Poxviridae; Chordopoxvirinae; Orthopoxvirus	2	Bos taurus; Homo sapiens
Variola virus	10255	dsDNA viruses, no RNA stage; Poxviridae; Chordopoxvirinae; Orthopoxvirus	1	Homo sapiens
Venezuelan equine encephalitis virus	11036	ssRNA viruses; ssRNA positive-strand viruses, no DNA stage; Togaviridae; Alphavirus; VEEV complex	9	Bos taurus; Didelphis marsupialis; Equus asinus; Equus caballus; Homo sapiens; Melanoconion; Philander opossum; Proechimys; Sigmodon hispidus
Vesicular stomatitis Indiana virus	11277	ssRNA viruses; ssRNA negative-strand viruses; Mononegavirales; Rhabdoviridae; Vesiculovirus	10	Aedes; Bos taurus; Culicoides; Equus asinus; Equus caballus; Homo sapiens; Lutzomyia; Musca domestica; Simuliidae; Sus scrofa
WU Polyomavirus	440266	dsDNA viruses, no RNA stage; Polyomaviridae; Polyomavirus; unclassified Polyomavirus	1	Homo sapiens
Wesselsbron virus	164416	ssRNA viruses; ssRNA positive-strand viruses, no DNA stage; Flaviviridae; Flavivirus; Yellow fever virus group	2	Homo sapiens; Ovis aries
West Nile virus	11082	ssRNA viruses; ssRNA positive-strand viruses, no DNA stage; Flaviviridae; Flavivirus; Japanese encephalitis virus group	9	Aedes; Amblyomma variegatum; Aves; Culex; Homo sapiens; Hyalomma marginatum; Mansonia uniformis; Mimomyia; Rhipicephalus
Western equine encephalitis virus	11039	ssRNA viruses; ssRNA positive-strand viruses, no DNA stage; Togaviridae; Alphavirus; WEEV complex	12	Aedes; Anopheles; Cervidae; Culex tarsalis; Equus caballus; Haemorhous mexicanus; Homo sapiens; Lepus americanus; Passer domesticus; Rana pipiens; Thamnophis; Urocitellus richardsonii
Yaba monkey tumor virus	38804	dsDNA viruses, no RNA stage; Poxviridae; Chordopoxvirinae; Yatapoxvirus	4	Erythrocebus patas; Homo sapiens; Macaca; Papio hamadryas
Yaba-like disease virus	132475	dsDNA viruses, no RNA stage; Poxviridae; Chordopoxvirinae; Yatapoxvirus; Tanapox virus	2	Homo sapiens; Simiiformes
Yellow fever virus	11089	ssRNA viruses; ssRNA positive-strand viruses, no DNA stage; Flaviviridae; Flavivirus; Yellow fever virus group	5	Aedes aegypti; Aedes luteocephalus; Aedes simpsoni; Homo sapiens; Simiiformes
Zaire ebolavirus	186538	ssRNA viruses; ssRNA negative-strand viruses; Mononegavirales; Filoviridae; Ebolavirus	3	Epomops franqueti; Homo sapiens; Myonycteris torquata
Zika virus	64320	ssRNA viruses; ssRNA positive-strand viruses, no DNA stage; Flaviviridae; Flavivirus; Spondweni virus group	4	Aedes; Homo sapiens; Macaca mulatta; Mus musculus
